frame,card1Name,card1Label,card2Name,card2Label,card3Name,card3Label,card4Name,card4Label,cardPlayedName,cardPlayedLabel,slotPlayed,elixir,predicted_cardPlayed,y_cardPlayed,y_elixirConsumed
00240,Battle Ram,11.0,,,Zap,107.0,Bandit,5.0,,,,6,,,
00255,Battle Ram,11.0,,,Zap,107.0,Bandit,5.0,,,,6,,,
00270,Battle Ram,11.0,P.E.K.K.A,76.0,Zap,107.0,Bandit,5.0,,,,6,,,
00285,Battle Ram,11.0,P.E.K.K.A,76.0,Zap,107.0,Bandit,5.0,,,,7,,,
00300,Battle Ram,11.0,P.E.K.K.A,76.0,Zap,107.0,Bandit,5.0,,,,7,,,
00315,Battle Ram,11.0,P.E.K.K.A,76.0,Zap,107.0,Bandit,5.0,,,,7,,,
00330,Battle Ram,11.0,P.E.K.K.A,76.0,Zap,107.0,Bandit,5.0,,,,7,,,
00345,Battle Ram,11.0,P.E.K.K.A,76.0,Zap,107.0,Bandit,5.0,,,,7,,,
00360,Battle Ram,11.0,P.E.K.K.A,76.0,Zap,107.0,Bandit,5.0,,,,7,,,
00375,Battle Ram,11.0,P.E.K.K.A,76.0,Zap,107.0,Bandit,5.0,,,,8,,,
00390,Battle Ram,11.0,P.E.K.K.A,76.0,Zap,107.0,Bandit,5.0,,,,8,,,
00405,Battle Ram,11.0,P.E.K.K.A,76.0,Zap,107.0,Bandit,5.0,,,,8,,,
00420,Battle Ram,11.0,P.E.K.K.A,76.0,Zap,107.0,Bandit,5.0,,,,8,,,
00435,Battle Ram,11.0,P.E.K.K.A,76.0,Zap,107.0,Bandit,5.0,,,,8,,,
00450,Battle Ram,11.0,P.E.K.K.A,76.0,Zap,107.0,Bandit,5.0,,,,9,,,
00465,Battle Ram,11.0,P.E.K.K.A,76.0,Zap,107.0,Bandit,5.0,,,,9,,,
00480,Battle Ram,11.0,P.E.K.K.A,76.0,Zap,107.0,Bandit,5.0,,,,9,,,
00495,Battle Ram,11.0,P.E.K.K.A,76.0,Zap,107.0,Bandit,5.0,,,,9,,,
00510,Battle Ram,11.0,P.E.K.K.A,76.0,Zap,107.0,Bandit,5.0,,,,9,,,
00525,Battle Ram,11.0,P.E.K.K.A,76.0,Zap,107.0,Bandit,5.0,,,,9,,,
00540,Battle Ram,11.0,P.E.K.K.A,76.0,Zap,107.0,Bandit,5.0,,,,10,,,
00555,Battle Ram,11.0,P.E.K.K.A,76.0,Zap,107.0,Bandit,5.0,,,,10,,,
00570,Battle Ram,11.0,P.E.K.K.A,76.0,Zap,107.0,Bandit,5.0,,,,10,,,
00585,Battle Ram,11.0,P.E.K.K.A,76.0,Zap,107.0,Royal Ghost,86.0,,,,10,,,
00600,Battle Ram,11.0,P.E.K.K.A,76.0,Zap,107.0,Royal Ghost,86.0,,,,10,,,
00615,Battle Ram,11.0,P.E.K.K.A,76.0,Zap,107.0,Royal Ghost,86.0,,,,7,,,
00630,Battle Ram,11.0,P.E.K.K.A,76.0,Zap,107.0,Royal Ghost,86.0,,,,7,,,
00645,Battle Ram,11.0,P.E.K.K.A,76.0,Zap,107.0,Royal Ghost,86.0,,,,7,,,
00660,Battle Ram,11.0,P.E.K.K.A,76.0,Zap,107.0,Royal Ghost,86.0,,,,7,,,
00675,Battle Ram,11.0,P.E.K.K.A,76.0,Zap,107.0,Royal Ghost,86.0,,,,8,,,
00690,Battle Ram,11.0,P.E.K.K.A,76.0,Zap,107.0,Royal Ghost,86.0,,,,8,,,
00705,Battle Ram,11.0,P.E.K.K.A,76.0,Zap,107.0,Royal Ghost,86.0,,,,8,,,
00720,Battle Ram,11.0,P.E.K.K.A,76.0,Zap,107.0,Royal Ghost,86.0,,,,8,,,
00735,Battle Ram,11.0,P.E.K.K.A,76.0,Zap,107.0,Royal Ghost,86.0,,,,8,,,
00750,Battle Ram,11.0,P.E.K.K.A,76.0,Zap,107.0,Royal Ghost,86.0,,,,8,,,
00765,Battle Ram,11.0,P.E.K.K.A,76.0,Zap,107.0,Royal Ghost,86.0,,,,9,,,
00780,Battle Ram,11.0,P.E.K.K.A,76.0,Zap,107.0,Royal Ghost,86.0,,,,9,,,
00795,Battle Ram,11.0,P.E.K.K.A,76.0,Zap,107.0,Royal Ghost,86.0,,,,9,,,
00810,Poison,78.0,P.E.K.K.A,76.0,Zap,107.0,Royal Ghost,86.0,,,,5,,,
00825,Poison,78.0,P.E.K.K.A,76.0,Zap,107.0,Royal Ghost,86.0,,,,5,,,
00840,Poison,78.0,P.E.K.K.A,76.0,Zap,107.0,Royal Ghost,86.0,,,,6,,,
00855,Poison,78.0,P.E.K.K.A,76.0,Zap,107.0,Royal Ghost,86.0,,,,6,,,
00870,Poison,78.0,P.E.K.K.A,76.0,Zap,107.0,Royal Ghost,86.0,,,,6,,,
00885,Poison,78.0,P.E.K.K.A,76.0,Zap,107.0,Royal Ghost,86.0,,,,6,,,
00900,Poison,78.0,P.E.K.K.A,76.0,Zap,107.0,Royal Ghost,86.0,,,,6,,,
00915,Poison,78.0,P.E.K.K.A,76.0,Zap,107.0,Royal Ghost,86.0,,,,6,,,
00930,Poison,78.0,P.E.K.K.A,76.0,Zap,107.0,Royal Ghost,86.0,,,,7,,,
00945,Poison,78.0,P.E.K.K.A,76.0,Zap,107.0,Royal Ghost,86.0,,,,7,,,
00960,Poison,78.0,P.E.K.K.A,76.0,Zap,107.0,Royal Ghost,86.0,,,,7,,,
00975,Poison,78.0,P.E.K.K.A,76.0,Zap,107.0,Royal Ghost,86.0,,,,7,,,
00990,Poison,78.0,P.E.K.K.A,76.0,Zap,107.0,Royal Ghost,86.0,,,,7,,,
01005,Poison,78.0,P.E.K.K.A,76.0,Zap,107.0,Royal Ghost,86.0,,,,8,,,
01020,Poison,78.0,P.E.K.K.A,76.0,Zap,107.0,Royal Ghost,86.0,,,,8,,,
01035,Poison,78.0,P.E.K.K.A,76.0,Zap,107.0,Royal Ghost,86.0,,,,8,,,
01050,Poison,78.0,P.E.K.K.A,76.0,Zap,107.0,Royal Ghost,86.0,,,,8,,,
01065,Poison,78.0,P.E.K.K.A,76.0,Zap,107.0,Royal Ghost,86.0,,,,8,,,
01080,Poison,78.0,P.E.K.K.A,76.0,Zap,107.0,Royal Ghost,86.0,,,,8,,,
01095,Poison,78.0,P.E.K.K.A,76.0,Zap,107.0,Royal Ghost,86.0,,,,9,,,
01110,Poison,78.0,P.E.K.K.A,76.0,Zap,107.0,Royal Ghost,86.0,,,,9,,,
01125,Poison,78.0,P.E.K.K.A,76.0,Zap,107.0,Royal Ghost,86.0,,,,9,,,
01140,Poison,78.0,P.E.K.K.A,76.0,Zap,107.0,Royal Ghost,86.0,,,,9,,,
01155,Poison,78.0,P.E.K.K.A,76.0,Zap,107.0,Royal Ghost,86.0,,,,9,,,
01170,Poison,78.0,P.E.K.K.A,76.0,Zap,107.0,Royal Ghost,86.0,,,,9,,,
01185,Poison,78.0,P.E.K.K.A,76.0,Zap,107.0,Electro Wizard,24.0,,,,7,,,
01200,Poison,78.0,P.E.K.K.A,76.0,Zap,107.0,Electro Wizard,24.0,,,,7,,,
01215,Poison,78.0,P.E.K.K.A,76.0,Zap,107.0,Electro Wizard,24.0,,,,7,,,
01230,Poison,78.0,P.E.K.K.A,76.0,Zap,107.0,Electro Wizard,24.0,,,,7,,,
01245,Poison,78.0,P.E.K.K.A,76.0,Zap,107.0,Electro Wizard,24.0,,,,7,,,
01260,Poison,78.0,P.E.K.K.A,76.0,Zap,107.0,Electro Wizard,24.0,,,,8,,,
01275,Poison,78.0,P.E.K.K.A,76.0,Zap,107.0,Electro Wizard,24.0,,,,8,,,
01290,Poison,78.0,P.E.K.K.A,76.0,Zap,107.0,Electro Wizard,24.0,,,,8,,,
01305,Poison,78.0,P.E.K.K.A,76.0,Zap,107.0,Electro Wizard,24.0,,,,8,,,
01320,Poison,78.0,P.E.K.K.A,76.0,Zap,107.0,Electro Wizard,24.0,,,,8,,,
01335,Poison,78.0,P.E.K.K.A,76.0,Zap,107.0,Electro Wizard,24.0,,,,8,,,
01350,Poison,78.0,P.E.K.K.A,76.0,Zap,107.0,Electro Wizard,24.0,,,,9,,,
01365,Poison,78.0,P.E.K.K.A,76.0,Zap,107.0,Electro Wizard,24.0,,,,9,,,
01380,Poison,78.0,P.E.K.K.A,76.0,Zap,107.0,Electro Wizard,24.0,,,,9,,,
01395,Poison,78.0,P.E.K.K.A,76.0,Zap,107.0,Electro Wizard,24.0,,,,9,,,
01410,Poison,78.0,P.E.K.K.A,76.0,Zap,107.0,Electro Wizard,24.0,,,,9,,,
01425,Poison,78.0,Magic Archer,62.0,Zap,107.0,Electro Wizard,24.0,,,,2,,,
01440,Poison,78.0,Magic Archer,62.0,Zap,107.0,Electro Wizard,24.0,,,,3,,,
01455,Poison,78.0,Magic Archer,62.0,Zap,107.0,Electro Wizard,24.0,,,,3,,,
01470,Poison,78.0,Magic Archer,62.0,Zap,107.0,Electro Wizard,24.0,,,,3,,,
01485,Poison,78.0,Magic Archer,62.0,Zap,107.0,Electro Wizard,24.0,,,,3,,,
01500,Poison,78.0,Magic Archer,62.0,Zap,107.0,Electro Wizard,24.0,,,,3,,,
01515,Poison,78.0,Magic Archer,62.0,Zap,107.0,Electro Wizard,24.0,,,,4,,,
01530,Poison,78.0,Magic Archer,62.0,Zap,107.0,Electro Wizard,24.0,,,,4,,,
01545,Poison,78.0,Magic Archer,62.0,Zap,107.0,Electro Wizard,24.0,,,,4,,,
01560,Poison,78.0,Magic Archer,62.0,Zap,107.0,Electro Wizard,24.0,,,,4,,,
01575,Poison,78.0,Magic Archer,62.0,Zap,107.0,Electro Wizard,24.0,,,,4,,,
01590,Poison,78.0,Magic Archer,62.0,Zap,107.0,Electro Wizard,24.0,,,,4,,,
01605,Poison,78.0,Magic Archer,62.0,Zap,107.0,Electro Wizard,24.0,,,,5,,,
01620,Poison,78.0,Magic Archer,62.0,Zap,107.0,Electro Wizard,24.0,,,,5,,,
01635,Poison,78.0,Magic Archer,62.0,Zap,107.0,Electro Wizard,24.0,,,,5,,,
01650,Poison,78.0,Magic Archer,62.0,Zap,107.0,Electro Wizard,24.0,,,,5,,,
01665,Poison,78.0,Magic Archer,62.0,Zap,107.0,Electro Wizard,24.0,,,,5,,,
01680,Poison,78.0,Magic Archer,62.0,Zap,107.0,Electro Wizard,24.0,,,,6,,,
01695,Poison,78.0,Magic Archer,62.0,Zap,107.0,Electro Wizard,24.0,,,,6,,,
01710,Poison,78.0,Magic Archer,62.0,Zap,107.0,Electro Wizard,24.0,,,,6,,,
01725,Poison,78.0,Magic Archer,62.0,Zap,107.0,Electro Wizard,24.0,,,,6,,,
01740,Poison,78.0,Magic Archer,62.0,Zap,107.0,Electro Wizard,24.0,,,,6,,,
01755,Poison,78.0,Magic Archer,62.0,Zap,107.0,Electro Wizard,24.0,,,,6,,,
01770,Poison,78.0,Magic Archer,62.0,Zap,107.0,Electro Wizard,24.0,,,,7,,,
01785,Poison,78.0,Magic Archer,62.0,Zap,107.0,Electro Wizard,24.0,,,,7,,,
01800,Poison,78.0,Magic Archer,62.0,Zap,107.0,Electro Wizard,24.0,,,,7,,,
01815,Poison,78.0,Magic Archer,62.0,Zap,107.0,Electro Wizard,24.0,,,,7,,,
01830,Poison,78.0,Magic Archer,62.0,Zap,107.0,Electro Wizard,24.0,,,,7,,,
01845,Poison,78.0,Magic Archer,62.0,Zap,107.0,Magic Archer,62.0,,,,4,,,
01860,Poison,78.0,Magic Archer,62.0,Zap,107.0,Bandit,5.0,,,,4,,,
01875,Poison,78.0,Magic Archer,62.0,Zap,107.0,Bandit,5.0,,,,4,,,
01890,Poison,78.0,Magic Archer,62.0,Zap,107.0,Bandit,5.0,,,,4,,,
01905,Poison,78.0,Magic Archer,62.0,Zap,107.0,Bandit,5.0,,,,4,,,
01920,Poison,78.0,Magic Archer,62.0,Zap,107.0,Bandit,5.0,,,,4,,,
01935,Poison,78.0,Magic Archer,62.0,Zap,107.0,Bandit,5.0,,,,5,,,
01950,Poison,78.0,Magic Archer,62.0,Zap,107.0,Bandit,5.0,,,,5,,,
01965,Poison,78.0,Magic Archer,62.0,Zap,107.0,Bandit,5.0,,,,5,,,
01980,Poison,78.0,Magic Archer,62.0,Zap,107.0,Bandit,5.0,,,,5,,,
01995,Poison,78.0,Magic Archer,62.0,Zap,107.0,Bandit,5.0,,,,5,,,
02010,Poison,78.0,Magic Archer,62.0,Zap,107.0,Battle Ram,11.0,,,,2,,,
02025,Poison,78.0,Skeleton Dragons,92.0,Zap,107.0,Battle Ram,11.0,,,,3,,,
02040,Poison,78.0,Magic Archer,62.0,Zap,107.0,Battle Ram,11.0,,,,3,,,
02055,Poison,78.0,Magic Archer,62.0,Zap,107.0,Battle Ram,11.0,,,,3,,,
02070,Poison,78.0,Magic Archer,62.0,Zap,107.0,Battle Ram,11.0,,,,3,,,
02085,Poison,78.0,Magic Archer,62.0,Zap,107.0,Battle Ram,11.0,,,,3,,,
02100,Poison,78.0,Magic Archer,62.0,Zap,107.0,Battle Ram,11.0,,,,4,,,
02115,Poison,78.0,Magic Archer,62.0,Zap,107.0,Battle Ram,11.0,,,,4,,,
02130,Poison,78.0,Magic Archer,62.0,Zap,107.0,Battle Ram,11.0,,,,4,,,
02145,Poison,78.0,Magic Archer,62.0,Zap,107.0,Royal Ghost,86.0,,,,0,,,
02160,Poison,78.0,Magic Archer,62.0,Zap,107.0,Royal Ghost,86.0,,,,0,,,
02175,Poison,78.0,Magic Archer,62.0,Zap,107.0,Royal Ghost,86.0,,,,0,,,
02190,Poison,78.0,Magic Archer,62.0,Zap,107.0,Royal Ghost,86.0,,,,1,,,
02205,Poison,78.0,Magic Archer,62.0,Zap,107.0,Royal Ghost,86.0,,,,1,,,
02220,Poison,78.0,Magic Archer,62.0,Zap,107.0,Royal Ghost,86.0,,,,1,,,
02235,Poison,78.0,Magic Archer,62.0,Zap,107.0,Royal Ghost,86.0,,,,1,,,
02250,Poison,78.0,Magic Archer,62.0,Zap,107.0,Royal Ghost,86.0,,,,1,,,
02265,Poison,78.0,Magic Archer,62.0,Zap,107.0,Royal Ghost,86.0,,,,2,,,
02280,Poison,78.0,Magic Archer,62.0,Zap,107.0,Royal Ghost,86.0,,,,2,,,
02295,Poison,78.0,Magic Archer,62.0,Zap,107.0,Royal Ghost,86.0,,,,2,,,
02310,Poison,78.0,Magic Archer,62.0,Zap,107.0,Royal Ghost,86.0,,,,2,,,
02325,Poison,78.0,Magic Archer,62.0,Zap,107.0,Royal Ghost,86.0,,,,2,,,
02340,Poison,78.0,Magic Archer,62.0,Zap,107.0,Royal Ghost,86.0,,,,2,,,
02355,Poison,78.0,Magic Archer,62.0,Zap,107.0,Royal Ghost,86.0,,,,3,,,
02370,Poison,78.0,Magic Archer,62.0,Zap,107.0,Royal Ghost,86.0,,,,3,,,
02385,Poison,78.0,Magic Archer,62.0,Zap,107.0,Royal Ghost,86.0,,,,3,,,
02400,Poison,78.0,Magic Archer,62.0,Zap,107.0,Royal Ghost,86.0,,,,3,,,
02415,Poison,78.0,Magic Archer,62.0,Zap,107.0,Royal Ghost,86.0,,,,3,,,
02430,Poison,78.0,Magic Archer,62.0,Zap,107.0,Royal Ghost,86.0,,,,3,,,
02445,Poison,78.0,Magic Archer,62.0,Zap,107.0,P.E.K.K.A,76.0,,,,3,,,
02460,Poison,78.0,Magic Archer,62.0,Zap,107.0,P.E.K.K.A,76.0,,,,1,,,
02475,Poison,78.0,Magic Archer,62.0,Zap,107.0,P.E.K.K.A,76.0,,,,1,,,
02490,Poison,78.0,Magic Archer,62.0,Zap,107.0,P.E.K.K.A,76.0,,,,1,,,
02505,Poison,78.0,Magic Archer,62.0,Zap,107.0,P.E.K.K.A,76.0,,,,1,,,
02520,Poison,78.0,Magic Archer,62.0,Zap,107.0,P.E.K.K.A,76.0,,,,2,,,
02535,Poison,78.0,Magic Archer,62.0,Zap,107.0,P.E.K.K.A,76.0,,,,2,,,
02550,Poison,78.0,Magic Archer,62.0,Zap,107.0,P.E.K.K.A,76.0,,,,2,,,
02565,Poison,78.0,Magic Archer,62.0,Zap,107.0,P.E.K.K.A,76.0,,,,2,,,
02580,Poison,78.0,Magic Archer,62.0,Zap,107.0,P.E.K.K.A,76.0,,,,2,,,
02595,Poison,78.0,Magic Archer,62.0,Zap,107.0,P.E.K.K.A,76.0,,,,2,,,
02610,Poison,78.0,Magic Archer,62.0,Zap,107.0,P.E.K.K.A,76.0,,,,3,,,
02625,Poison,78.0,Magic Archer,62.0,Zap,107.0,P.E.K.K.A,76.0,,,,3,,,
02640,Poison,78.0,Magic Archer,62.0,Zap,107.0,P.E.K.K.A,76.0,,,,3,,,
02655,Poison,78.0,Magic Archer,62.0,Zap,107.0,P.E.K.K.A,76.0,,,,3,,,
02670,Poison,78.0,Magic Archer,62.0,Zap,107.0,P.E.K.K.A,76.0,,,,3,,,
02685,Poison,78.0,Magic Archer,62.0,Zap,107.0,P.E.K.K.A,76.0,,,,4,,,
02700,Poison,78.0,Magic Archer,62.0,Zap,107.0,P.E.K.K.A,76.0,,,,4,,,
02715,Poison,78.0,Magic Archer,62.0,Zap,107.0,P.E.K.K.A,76.0,,,,4,,,
02730,Poison,78.0,Magic Archer,62.0,Zap,107.0,P.E.K.K.A,76.0,,,,4,,,
02745,Poison,78.0,Magic Archer,62.0,Zap,107.0,P.E.K.K.A,76.0,,,,4,,,
02760,Poison,78.0,Magic Archer,62.0,Zap,107.0,P.E.K.K.A,76.0,,,,4,,,
02775,Poison,78.0,Magic Archer,62.0,Zap,107.0,P.E.K.K.A,76.0,,,,5,,,
02790,Poison,78.0,Magic Archer,62.0,Zap,107.0,P.E.K.K.A,76.0,,,,5,,,
02805,Poison,78.0,Magic Archer,62.0,Zap,107.0,P.E.K.K.A,76.0,,,,5,,,
02820,Poison,78.0,Magic Archer,62.0,Zap,107.0,P.E.K.K.A,76.0,,,,5,,,
02835,Poison,78.0,Electro Wizard,24.0,Zap,107.0,P.E.K.K.A,76.0,,,,4,,,
02850,Poison,78.0,Electro Wizard,24.0,Zap,107.0,P.E.K.K.A,76.0,,,,2,,,
02865,Poison,78.0,Electro Wizard,24.0,Zap,107.0,P.E.K.K.A,76.0,,,,2,,,
02880,Poison,78.0,Electro Wizard,24.0,Zap,107.0,P.E.K.K.A,76.0,,,,2,,,
02895,Poison,78.0,Electro Wizard,24.0,Zap,107.0,P.E.K.K.A,76.0,,,,2,,,
02910,Poison,78.0,Electro Wizard,24.0,Zap,107.0,P.E.K.K.A,76.0,,,,2,,,
02925,Poison,78.0,Electro Wizard,24.0,Zap,107.0,P.E.K.K.A,76.0,,,,2,,,
02940,Poison,78.0,Electro Wizard,24.0,Zap,107.0,P.E.K.K.A,76.0,,,,3,,,
02955,Poison,78.0,Electro Wizard,24.0,Zap,107.0,P.E.K.K.A,76.0,,,,3,,,
02970,Poison,78.0,Electro Wizard,24.0,Zap,107.0,P.E.K.K.A,76.0,,,,3,,,
02985,Poison,78.0,Electro Wizard,24.0,Zap,107.0,P.E.K.K.A,76.0,,,,3,,,
03000,Poison,78.0,Electro Wizard,24.0,Zap,107.0,P.E.K.K.A,76.0,,,,3,,,
03015,Poison,78.0,Electro Wizard,24.0,Zap,107.0,P.E.K.K.A,76.0,,,,3,,,
03030,Poison,78.0,Electro Wizard,24.0,Zap,107.0,P.E.K.K.A,76.0,,,,4,,,
03045,Poison,78.0,Electro Wizard,24.0,Zap,107.0,P.E.K.K.A,76.0,,,,4,,,
03060,Poison,78.0,Electro Wizard,24.0,Zap,107.0,P.E.K.K.A,76.0,,,,4,,,
03075,Poison,78.0,Electro Wizard,24.0,Zap,107.0,P.E.K.K.A,76.0,,,,4,,,
03090,Poison,78.0,Electro Wizard,24.0,Zap,107.0,P.E.K.K.A,76.0,,,,4,,,
03105,Poison,78.0,Electro Wizard,24.0,Zap,107.0,P.E.K.K.A,76.0,,,,5,,,
03120,Poison,78.0,Electro Wizard,24.0,Zap,107.0,P.E.K.K.A,76.0,,,,5,,,
03135,Poison,78.0,Electro Wizard,24.0,Zap,107.0,P.E.K.K.A,76.0,,,,5,,,
03150,Poison,78.0,Electro Wizard,24.0,Zap,107.0,P.E.K.K.A,76.0,,,,5,,,
03165,Poison,78.0,Electro Wizard,24.0,Zap,107.0,P.E.K.K.A,76.0,,,,5,,,
03180,Poison,78.0,Electro Wizard,24.0,Zap,107.0,P.E.K.K.A,76.0,,,,5,,,
03195,Poison,78.0,Electro Wizard,24.0,Zap,107.0,P.E.K.K.A,76.0,,,,6,,,
03210,Poison,78.0,Electro Wizard,24.0,Zap,107.0,P.E.K.K.A,76.0,,,,6,,,
03225,Poison,78.0,Electro Wizard,24.0,Zap,107.0,P.E.K.K.A,76.0,,,,6,,,
03240,Poison,78.0,Electro Wizard,24.0,Zap,107.0,P.E.K.K.A,76.0,,,,6,,,
03255,Poison,78.0,Electro Wizard,24.0,Zap,107.0,P.E.K.K.A,76.0,,,,6,,,
03270,Poison,78.0,Electro Wizard,24.0,Zap,107.0,P.E.K.K.A,76.0,,,,6,,,
03285,Poison,78.0,Electro Wizard,24.0,Zap,107.0,P.E.K.K.A,76.0,,,,7,,,
03300,Poison,78.0,Electro Wizard,24.0,Zap,107.0,P.E.K.K.A,76.0,,,,7,,,
03315,Poison,78.0,Electro Wizard,24.0,Zap,107.0,P.E.K.K.A,76.0,,,,7,,,
03330,Poison,78.0,Electro Wizard,24.0,Zap,107.0,P.E.K.K.A,76.0,,,,7,,,
03345,Poison,78.0,Electro Wizard,24.0,Zap,107.0,P.E.K.K.A,76.0,,,,7,,,
03360,Poison,78.0,Electro Wizard,24.0,Zap,107.0,P.E.K.K.A,76.0,,,,7,,,
03375,Poison,78.0,Electro Wizard,24.0,Zap,107.0,P.E.K.K.A,76.0,,,,8,,,
03390,Poison,78.0,Electro Wizard,24.0,Zap,107.0,P.E.K.K.A,76.0,,,,8,,,
03405,Poison,78.0,Electro Wizard,24.0,Zap,107.0,P.E.K.K.A,76.0,,,,8,,,
03420,Poison,78.0,Electro Wizard,24.0,Zap,107.0,P.E.K.K.A,76.0,,,,8,,,
03435,Poison,78.0,Electro Wizard,24.0,Zap,107.0,P.E.K.K.A,76.0,,,,8,,,
03450,Poison,78.0,Electro Wizard,24.0,Zap,107.0,P.E.K.K.A,76.0,,,,9,,,
03465,Poison,78.0,Electro Wizard,24.0,Zap,107.0,P.E.K.K.A,76.0,,,,9,,,
03480,Poison,78.0,Electro Wizard,24.0,Zap,107.0,P.E.K.K.A,76.0,,,,9,,,
03495,Poison,78.0,Electro Wizard,24.0,Zap,107.0,P.E.K.K.A,76.0,,,,9,,,
03510,Poison,78.0,Electro Wizard,24.0,Zap,107.0,P.E.K.K.A,76.0,,,,9,,,
03525,Poison,78.0,Electro Wizard,24.0,Bandit,5.0,P.E.K.K.A,76.0,,,,8,,,
03540,Poison,78.0,Electro Wizard,24.0,Bandit,5.0,P.E.K.K.A,76.0,,,,8,,,
03555,Poison,78.0,Electro Wizard,24.0,Bandit,5.0,P.E.K.K.A,76.0,,,,8,,,
03570,Poison,78.0,Electro Wizard,24.0,Bandit,5.0,P.E.K.K.A,76.0,,,,8,,,
03585,Poison,78.0,Electro Wizard,24.0,Bandit,5.0,P.E.K.K.A,76.0,,,,8,,,
03600,Poison,78.0,Electro Wizard,24.0,Bandit,5.0,P.E.K.K.A,76.0,,,,8,,,
03615,Poison,78.0,Electro Wizard,24.0,Bandit,5.0,P.E.K.K.A,76.0,,,,9,,,
03630,Poison,78.0,Electro Wizard,24.0,Bandit,5.0,P.E.K.K.A,76.0,,,,9,,,
03645,Poison,78.0,Electro Wizard,24.0,Bandit,5.0,P.E.K.K.A,76.0,,,,9,,,
03660,Poison,78.0,Electro Wizard,24.0,Bandit,5.0,P.E.K.K.A,76.0,,,,9,,,
03675,Poison,78.0,Electro Wizard,24.0,Bandit,5.0,P.E.K.K.A,76.0,,,,9,,,
03690,Poison,78.0,Electro Wizard,24.0,Battle Ram,11.0,P.E.K.K.A,76.0,,,,6,,,
03705,Poison,78.0,Electro Wizard,24.0,Battle Ram,11.0,P.E.K.K.A,76.0,,,,7,,,
03720,Poison,78.0,Electro Wizard,24.0,Battle Ram,11.0,P.E.K.K.A,76.0,,,,7,,,
03735,Poison,78.0,Electro Wizard,24.0,Battle Ram,11.0,P.E.K.K.A,76.0,,,,7,,,
03750,Poison,78.0,Electro Wizard,24.0,Battle Ram,11.0,P.E.K.K.A,76.0,,,,7,,,
03765,Poison,78.0,Electro Wizard,24.0,Battle Ram,11.0,P.E.K.K.A,76.0,,,,7,,,
03780,Poison,78.0,Electro Wizard,24.0,Battle Ram,11.0,P.E.K.K.A,76.0,,,,8,,,
03795,Poison,78.0,Electro Wizard,24.0,Battle Ram,11.0,P.E.K.K.A,76.0,,,,8,,,
03810,Poison,78.0,Electro Wizard,24.0,Battle Ram,11.0,P.E.K.K.A,76.0,,,,8,,,
03825,Poison,78.0,Electro Wizard,24.0,Battle Ram,11.0,P.E.K.K.A,76.0,,,,9,,,
03840,Poison,78.0,Electro Wizard,24.0,Battle Ram,11.0,P.E.K.K.A,76.0,,,,9,,,
03855,Poison,78.0,Electro Wizard,24.0,Battle Ram,11.0,P.E.K.K.A,76.0,,,,9,,,
03870,Poison,78.0,Electro Wizard,24.0,Battle Ram,11.0,Royal Ghost,86.0,,,,3,,,
03885,Poison,78.0,Electro Wizard,24.0,Battle Ram,11.0,Royal Ghost,86.0,,,,3,,,
03900,Poison,78.0,Electro Wizard,24.0,Battle Ram,11.0,Royal Ghost,86.0,,,,3,,,
03915,Poison,78.0,Electro Wizard,24.0,Battle Ram,11.0,Royal Ghost,86.0,,,,4,,,
03930,Poison,78.0,Electro Wizard,24.0,Battle Ram,11.0,Royal Ghost,86.0,,,,4,,,
03945,Poison,78.0,Electro Wizard,24.0,Battle Ram,11.0,Royal Ghost,86.0,,,,4,,,
03960,Poison,78.0,Electro Wizard,24.0,Battle Ram,11.0,Royal Ghost,86.0,,,,5,,,
03975,Poison,78.0,Electro Wizard,24.0,Battle Ram,11.0,Royal Ghost,86.0,,,,5,,,
03990,Poison,78.0,Electro Wizard,24.0,Battle Ram,11.0,Royal Ghost,86.0,,,,6,,,
04005,Poison,78.0,Electro Wizard,24.0,Battle Ram,11.0,Royal Ghost,86.0,,,,6,,,
04020,Poison,78.0,Electro Wizard,24.0,Battle Ram,11.0,Royal Ghost,86.0,,,,6,,,
04035,Poison,78.0,Electro Wizard,24.0,Battle Ram,11.0,Royal Ghost,86.0,,,,7,,,
04050,Poison,78.0,Electro Wizard,24.0,Battle Ram,11.0,Royal Ghost,86.0,,,,7,,,
04065,Poison,78.0,Electro Wizard,24.0,Battle Ram,11.0,Royal Ghost,86.0,,,,7,,,
04080,Poison,78.0,Electro Wizard,24.0,Battle Ram,11.0,Royal Ghost,86.0,,,,8,,,
04095,Poison,78.0,Electro Wizard,24.0,Battle Ram,11.0,Royal Ghost,86.0,,,,8,,,
04110,Poison,78.0,Electro Wizard,24.0,Battle Ram,11.0,Royal Ghost,86.0,,,,8,,,
04125,Poison,78.0,Electro Wizard,24.0,Battle Ram,11.0,Royal Ghost,86.0,,,,9,,,
04140,Poison,78.0,Electro Wizard,24.0,Battle Ram,11.0,Royal Ghost,86.0,,,,9,,,
04155,Poison,78.0,Electro Wizard,24.0,Battle Ram,11.0,Royal Ghost,86.0,,,,9,,,
04170,Poison,78.0,Electro Wizard,24.0,Magic Archer,62.0,Royal Ghost,86.0,,,,6,,,
04185,Poison,78.0,Electro Wizard,24.0,Magic Archer,62.0,Royal Ghost,86.0,,,,6,,,
04200,Poison,78.0,Electro Wizard,24.0,Magic Archer,62.0,Royal Ghost,86.0,,,,6,,,
04215,Poison,78.0,Electro Wizard,24.0,Magic Archer,62.0,Royal Ghost,86.0,,,,7,,,
04230,Poison,78.0,Electro Wizard,24.0,Magic Archer,62.0,Royal Ghost,86.0,,,,7,,,
04245,Poison,78.0,Electro Wizard,24.0,Magic Archer,62.0,Royal Ghost,86.0,,,,7,,,
04260,Poison,78.0,Electro Wizard,24.0,Magic Archer,62.0,Royal Ghost,86.0,,,,8,,,
04275,Poison,78.0,Electro Wizard,24.0,Magic Archer,62.0,Royal Ghost,86.0,,,,8,,,
04290,Poison,78.0,Electro Wizard,24.0,Magic Archer,62.0,Royal Ghost,86.0,,,,9,,,
04305,Poison,78.0,Electro Wizard,24.0,Magic Archer,62.0,Royal Ghost,86.0,,,,9,,,
04320,Poison,78.0,Electro Wizard,24.0,Magic Archer,62.0,Royal Ghost,86.0,,,,9,,,
04335,Poison,78.0,Electro Wizard,24.0,Magic Archer,62.0,Zap,107.0,,,,7,,,
04350,Poison,78.0,Electro Wizard,24.0,Magic Archer,62.0,Zap,107.0,,,,7,,,
04365,Poison,78.0,Electro Wizard,24.0,Bandit,5.0,Zap,107.0,,,,3,,,
04380,Poison,78.0,Electro Wizard,24.0,Bandit,5.0,Zap,107.0,,,,4,,,
04395,Poison,78.0,Electro Wizard,24.0,Bandit,5.0,Zap,107.0,,,,4,,,
04410,Poison,78.0,Electro Wizard,24.0,Bandit,5.0,Zap,107.0,,,,4,,,
04425,Poison,78.0,Electro Wizard,24.0,Bandit,5.0,Zap,107.0,,,,5,,,
04440,Poison,78.0,Electro Wizard,24.0,Bandit,5.0,Zap,107.0,,,,5,,,
04455,Poison,78.0,Electro Wizard,24.0,Bandit,5.0,Zap,107.0,,,,6,,,
04470,Poison,78.0,Electro Wizard,24.0,Bandit,5.0,Zap,107.0,,,,6,,,
04485,Poison,78.0,Electro Wizard,24.0,Bandit,5.0,Zap,107.0,,,,6,,,
04500,Poison,78.0,Electro Wizard,24.0,Bandit,5.0,Zap,107.0,,,,7,,,
04515,Poison,78.0,Electro Wizard,24.0,Bandit,5.0,Zap,107.0,,,,7,,,
04530,Poison,78.0,Electro Wizard,24.0,Bandit,5.0,Zap,107.0,,,,7,,,
04545,Poison,78.0,Electro Wizard,24.0,Bandit,5.0,Zap,107.0,,,,8,,,
04560,Poison,78.0,Electro Wizard,24.0,Bandit,5.0,Zap,107.0,,,,8,,,
04575,Poison,78.0,Electro Wizard,24.0,Bandit,5.0,Zap,107.0,,,,8,,,
04590,Poison,78.0,Electro Wizard,24.0,Bandit,5.0,Zap,107.0,,,,9,,,
04605,Poison,78.0,Electro Wizard,24.0,Bandit,5.0,Zap,107.0,,,,9,,,
04620,Poison,78.0,Electro Wizard,24.0,P.E.K.K.A,76.0,Zap,107.0,,,,6,,,
04635,Poison,78.0,Electro Wizard,24.0,P.E.K.K.A,76.0,Zap,107.0,,,,7,,,
04650,Poison,78.0,Electro Wizard,24.0,P.E.K.K.A,76.0,Zap,107.0,,,,7,,,
04665,Poison,78.0,Electro Wizard,24.0,P.E.K.K.A,76.0,Zap,107.0,,,,8,,,
04680,Poison,78.0,Electro Wizard,24.0,Battle Ram,11.0,Zap,107.0,,,,1,,,
04695,Poison,78.0,Electro Wizard,24.0,Battle Ram,11.0,Zap,107.0,,,,1,,,
04710,Poison,78.0,Electro Wizard,24.0,Battle Ram,11.0,Zap,107.0,,,,2,,,
04725,Poison,78.0,Electro Wizard,24.0,Battle Ram,11.0,Zap,107.0,,,,2,,,
04740,Poison,78.0,Electro Wizard,24.0,Battle Ram,11.0,Zap,107.0,,,,2,,,
04755,Poison,78.0,Electro Wizard,24.0,Battle Ram,11.0,Zap,107.0,,,,3,,,
04770,Poison,78.0,Electro Wizard,24.0,Battle Ram,11.0,Zap,107.0,,,,3,,,
04785,Poison,78.0,Electro Wizard,24.0,Battle Ram,11.0,Zap,107.0,,,,3,,,
04800,Poison,78.0,Electro Wizard,24.0,Battle Ram,11.0,Zap,107.0,,,,4,,,
04815,Poison,78.0,Electro Wizard,24.0,Battle Ram,11.0,Zap,107.0,,,,4,,,
04830,Poison,78.0,Electro Wizard,24.0,Battle Ram,11.0,Zap,107.0,,,,4,,,
04845,Poison,78.0,Electro Wizard,24.0,Battle Ram,11.0,Zap,107.0,,,,5,,,
04860,Poison,78.0,Executioner,28.0,Royal Ghost,86.0,Zap,107.0,,,,1,,,
04875,Poison,78.0,Executioner,28.0,Royal Ghost,86.0,Zap,107.0,,,,2,,,
04890,Poison,78.0,Executioner,28.0,Royal Ghost,86.0,Zap,107.0,,,,2,,,
04905,Poison,78.0,Executioner,28.0,Royal Ghost,86.0,Zap,107.0,,,,2,,,
04920,Poison,78.0,Electro Wizard,24.0,Royal Ghost,86.0,Zap,107.0,,,,3,,,
04935,Poison,78.0,Electro Wizard,24.0,Royal Ghost,86.0,Zap,107.0,,,,3,,,
04950,Poison,78.0,Electro Wizard,24.0,Royal Ghost,86.0,Zap,107.0,,,,3,,,
04965,Poison,78.0,Electro Wizard,24.0,Royal Ghost,86.0,Zap,107.0,,,,4,,,
04980,Poison,78.0,Electro Wizard,24.0,Royal Ghost,86.0,Zap,107.0,,,,4,,,
04995,Poison,78.0,Electro Wizard,24.0,Royal Ghost,86.0,Zap,107.0,,,,4,,,
05010,Poison,78.0,Electro Wizard,24.0,Royal Ghost,86.0,Zap,107.0,,,,5,,,
05025,Poison,78.0,Electro Wizard,24.0,Royal Ghost,86.0,Zap,107.0,,,,5,,,
05040,Poison,78.0,Electro Wizard,24.0,Royal Ghost,86.0,Zap,107.0,,,,5,,,
05055,Poison,78.0,Electro Wizard,24.0,Royal Ghost,86.0,Zap,107.0,,,,6,,,
05070,Poison,78.0,Electro Wizard,24.0,Royal Ghost,86.0,Zap,107.0,,,,6,,,
05085,Poison,78.0,Electro Wizard,24.0,Royal Ghost,86.0,Zap,107.0,,,,7,,,
05100,Poison,78.0,Electro Wizard,24.0,Royal Ghost,86.0,Zap,107.0,,,,7,,,
05115,Poison,78.0,Electro Wizard,24.0,Royal Ghost,86.0,Zap,107.0,,,,7,,,
05130,Poison,78.0,Electro Wizard,24.0,Royal Ghost,86.0,Zap,107.0,,,,8,,,
05145,Poison,78.0,Electro Wizard,24.0,Royal Ghost,86.0,Zap,107.0,,,,8,,,
05160,Poison,78.0,Electro Wizard,24.0,Royal Ghost,86.0,Zap,107.0,,,,8,,,
05175,Poison,78.0,Electro Wizard,24.0,Royal Ghost,86.0,Zap,107.0,,,,9,,,
05190,Poison,78.0,Electro Wizard,24.0,Royal Ghost,86.0,Zap,107.0,,,,9,,,
05205,Poison,78.0,Magic Archer,62.0,Royal Ghost,86.0,Zap,107.0,,,,5,,,
05220,Poison,78.0,Magic Archer,62.0,Royal Ghost,86.0,Zap,107.0,,,,6,,,
05235,Poison,78.0,Magic Archer,62.0,Royal Ghost,86.0,Zap,107.0,,,,6,,,
05250,Poison,78.0,Magic Archer,62.0,Royal Ghost,86.0,Zap,107.0,,,,6,,,
05265,Poison,78.0,Magic Archer,62.0,Royal Ghost,86.0,Zap,107.0,,,,7,,,
05280,Poison,78.0,Magic Archer,62.0,Royal Ghost,86.0,Zap,107.0,,,,7,,,
05295,Poison,78.0,Magic Archer,62.0,Royal Ghost,86.0,Zap,107.0,,,,8,,,
05310,Poison,78.0,Magic Archer,62.0,Royal Ghost,86.0,Zap,107.0,,,,8,,,
05325,Poison,78.0,Magic Archer,62.0,Royal Ghost,86.0,Zap,107.0,,,,8,,,
05340,Poison,78.0,Magic Archer,62.0,Royal Ghost,86.0,Zap,107.0,,,,9,,,
05355,Poison,78.0,Magic Archer,62.0,Royal Ghost,86.0,Zap,107.0,,,,9,,,
05370,Poison,78.0,Magic Archer,62.0,Bandit,5.0,Zap,107.0,,,,6,,,
05385,Poison,78.0,Magic Archer,62.0,Bandit,5.0,Zap,107.0,,,,7,,,
05400,Poison,78.0,Magic Archer,62.0,Bandit,5.0,Zap,107.0,,,,7,,,
05415,Poison,78.0,Magic Archer,62.0,Bandit,5.0,Zap,107.0,,,,7,,,
05430,Poison,78.0,Magic Archer,62.0,Bandit,5.0,Zap,107.0,,,,8,,,
05445,Poison,78.0,Magic Archer,62.0,Bandit,5.0,Zap,107.0,,,,8,,,
05460,Poison,78.0,Magic Archer,62.0,Bandit,5.0,Zap,107.0,,,,9,,,
05475,Poison,78.0,Magic Archer,62.0,Bandit,5.0,Zap,107.0,,,,9,,,
05490,Poison,78.0,Magic Archer,62.0,Bandit,5.0,Zap,107.0,,,,9,,,
05505,Poison,78.0,P.E.K.K.A,76.0,Bandit,5.0,Zap,107.0,,,,6,,,
05520,Poison,78.0,P.E.K.K.A,76.0,Bandit,5.0,Zap,107.0,,,,6,,,
05535,Poison,78.0,P.E.K.K.A,76.0,Bandit,5.0,Zap,107.0,,,,6,,,
05550,Poison,78.0,P.E.K.K.A,76.0,Bandit,5.0,Zap,107.0,,,,7,,,
05565,Poison,78.0,P.E.K.K.A,76.0,Bandit,5.0,Zap,107.0,,,,7,,,
05580,Poison,78.0,P.E.K.K.A,76.0,Bandit,5.0,Zap,107.0,,,,7,,,
05595,Poison,78.0,P.E.K.K.A,76.0,Bandit,5.0,Zap,107.0,,,,8,,,
05610,Poison,78.0,P.E.K.K.A,76.0,Bandit,5.0,Zap,107.0,,,,8,,,
05625,Poison,78.0,P.E.K.K.A,76.0,Bandit,5.0,Zap,107.0,,,,8,,,
05640,Poison,78.0,P.E.K.K.A,76.0,Bandit,5.0,Zap,107.0,,,,9,,,
05655,Poison,78.0,P.E.K.K.A,76.0,Battle Ram,11.0,Zap,107.0,,,,6,,,
05670,Poison,78.0,P.E.K.K.A,76.0,Battle Ram,11.0,Zap,107.0,,,,6,,,
05685,Poison,78.0,P.E.K.K.A,76.0,Battle Ram,11.0,Zap,107.0,,,,7,,,
05700,Poison,78.0,P.E.K.K.A,76.0,Battle Ram,11.0,Zap,107.0,,,,7,,,
05715,Poison,78.0,P.E.K.K.A,76.0,Battle Ram,11.0,Zap,107.0,,,,8,,,
05730,Poison,78.0,P.E.K.K.A,76.0,Battle Ram,11.0,Zap,107.0,,,,8,,,
05745,Poison,78.0,P.E.K.K.A,76.0,Battle Ram,11.0,Zap,107.0,,,,8,,,
05760,Poison,78.0,P.E.K.K.A,76.0,Battle Ram,11.0,Zap,107.0,,,,9,,,
05775,Poison,78.0,Electro Wizard,24.0,Battle Ram,11.0,Zap,107.0,,,,2,,,
05790,Poison,78.0,Electro Wizard,24.0,Battle Ram,11.0,Zap,107.0,,,,2,,,
05805,Poison,78.0,Electro Wizard,24.0,Battle Ram,11.0,Zap,107.0,,,,3,,,
05820,Poison,78.0,Electro Wizard,24.0,Battle Ram,11.0,Zap,107.0,,,,3,,,
05835,Poison,78.0,Electro Wizard,24.0,Battle Ram,11.0,Zap,107.0,,,,3,,,
05850,Poison,78.0,Electro Wizard,24.0,Battle Ram,11.0,Zap,107.0,,,,4,,,
05865,Poison,78.0,Electro Wizard,24.0,Battle Ram,11.0,Zap,107.0,,,,4,,,
05880,Poison,78.0,Electro Wizard,24.0,Battle Ram,11.0,Zap,107.0,,,,4,,,
05895,Poison,78.0,Royal Ghost,86.0,Battle Ram,11.0,Zap,107.0,,,,1,,,
05910,Poison,78.0,Royal Ghost,86.0,Battle Ram,11.0,Zap,107.0,,,,1,,,
05925,Poison,78.0,Royal Ghost,86.0,Battle Ram,11.0,Zap,107.0,,,,2,,,
05940,Poison,78.0,Royal Ghost,86.0,Battle Ram,11.0,Zap,107.0,,,,2,,,
05955,Poison,78.0,Royal Ghost,86.0,Battle Ram,11.0,Zap,107.0,,,,2,,,
05970,Poison,78.0,Royal Ghost,86.0,Battle Ram,11.0,Zap,107.0,,,,3,,,
05985,Poison,78.0,Royal Ghost,86.0,Battle Ram,11.0,Zap,107.0,,,,3,,,
06000,Poison,78.0,Royal Ghost,86.0,Battle Ram,11.0,Zap,107.0,,,,3,,,
06015,Poison,78.0,Royal Ghost,86.0,Battle Ram,11.0,Zap,107.0,,,,4,,,
06030,Poison,78.0,Royal Ghost,86.0,Battle Ram,11.0,Zap,107.0,,,,4,,,
06045,Poison,78.0,Royal Ghost,86.0,Battle Ram,11.0,Zap,107.0,,,,4,,,
06060,Poison,78.0,Royal Ghost,86.0,Battle Ram,11.0,Zap,107.0,,,,5,,,
06075,Poison,78.0,Royal Ghost,86.0,Battle Ram,11.0,Zap,107.0,,,,5,,,
06090,Poison,78.0,Royal Ghost,86.0,Battle Ram,11.0,Zap,107.0,,,,5,,,
06105,Poison,78.0,Royal Ghost,86.0,Battle Ram,11.0,Zap,107.0,,,,6,,,
06120,Poison,78.0,Royal Ghost,86.0,Battle Ram,11.0,Zap,107.0,,,,6,,,
06135,Poison,78.0,Royal Ghost,86.0,Battle Ram,11.0,Zap,107.0,,,,7,,,
06150,Poison,78.0,Royal Ghost,86.0,Battle Ram,11.0,Zap,107.0,,,,7,,,
06165,Poison,78.0,Royal Ghost,86.0,Battle Ram,11.0,Zap,107.0,,,,7,,,
06180,Poison,78.0,Royal Ghost,86.0,Battle Ram,11.0,Zap,107.0,,,,8,,,
06195,Poison,78.0,Royal Ghost,86.0,Battle Ram,11.0,Zap,107.0,,,,8,,,
06210,Poison,78.0,Royal Ghost,86.0,Magic Archer,62.0,Zap,107.0,,,,4,,,
06225,Poison,78.0,Royal Ghost,86.0,Magic Archer,62.0,Zap,107.0,,,,5,,,
06240,Poison,78.0,Royal Ghost,86.0,Magic Archer,62.0,Zap,107.0,,,,5,,,
06255,Poison,78.0,Royal Ghost,86.0,Magic Archer,62.0,Zap,107.0,,,,5,,,
06270,Poison,78.0,Royal Ghost,86.0,Magic Archer,62.0,Zap,107.0,,,,6,,,
06285,Poison,78.0,Royal Ghost,86.0,Magic Archer,62.0,Zap,107.0,,,,6,,,
06300,Poison,78.0,Royal Ghost,86.0,Magic Archer,62.0,Zap,107.0,,,,6,,,
06315,Poison,78.0,Royal Ghost,86.0,Bandit,5.0,Zap,107.0,,,,3,,,
06330,Poison,78.0,Royal Ghost,86.0,Bandit,5.0,Zap,107.0,,,,3,,,
06345,Poison,78.0,Royal Ghost,86.0,Bandit,5.0,Zap,107.0,,,,4,,,
06360,Poison,78.0,Royal Ghost,86.0,Bandit,5.0,Zap,107.0,,,,4,,,
06375,Poison,78.0,Royal Ghost,86.0,P.E.K.K.A,76.0,Zap,107.0,,,,1,,,
06390,Poison,78.0,Royal Ghost,86.0,P.E.K.K.A,76.0,Zap,107.0,,,,2,,,
06405,Poison,78.0,Royal Ghost,86.0,P.E.K.K.A,76.0,Zap,107.0,,,,2,,,
06420,Poison,78.0,Royal Ghost,86.0,P.E.K.K.A,76.0,Zap,107.0,,,,2,,,
06435,Poison,78.0,Royal Ghost,86.0,P.E.K.K.A,76.0,Zap,107.0,,,,3,,,
06450,Poison,78.0,Royal Ghost,86.0,P.E.K.K.A,76.0,Zap,107.0,,,,3,,,
06465,Poison,78.0,Royal Ghost,86.0,P.E.K.K.A,76.0,Zap,107.0,,,,3,,,
06480,Poison,78.0,Royal Ghost,86.0,P.E.K.K.A,76.0,Zap,107.0,,,,4,,,
06495,Poison,78.0,Royal Ghost,86.0,Ice Wizard,55.0,Zap,107.0,,,,4,,,
06510,Poison,78.0,Royal Ghost,86.0,Ice Wizard,55.0,Zap,107.0,,,,4,,,
06525,Poison,78.0,Royal Ghost,86.0,P.E.K.K.A,76.0,Zap,107.0,,,,5,,,
06540,Poison,78.0,Royal Ghost,86.0,P.E.K.K.A,76.0,Zap,107.0,,,,5,,,
06555,Poison,78.0,Royal Ghost,86.0,P.E.K.K.A,76.0,Zap,107.0,,,,6,,,
06570,Poison,78.0,Royal Ghost,86.0,P.E.K.K.A,76.0,Zap,107.0,,,,6,,,
06585,Poison,78.0,Royal Ghost,86.0,P.E.K.K.A,76.0,Zap,107.0,,,,6,,,
06600,Poison,78.0,Royal Ghost,86.0,P.E.K.K.A,76.0,Zap,107.0,,,,7,,,
06615,Poison,78.0,Royal Ghost,86.0,P.E.K.K.A,76.0,Zap,107.0,,,,7,,,
06630,Poison,78.0,Royal Ghost,86.0,P.E.K.K.A,76.0,Zap,107.0,,,,7,,,
06645,Poison,78.0,Royal Ghost,86.0,P.E.K.K.A,76.0,Zap,107.0,,,,8,,,
06660,Poison,78.0,Royal Ghost,86.0,P.E.K.K.A,76.0,Zap,107.0,,,,8,,,
06675,Poison,78.0,Royal Ghost,86.0,P.E.K.K.A,76.0,Zap,107.0,,,,8,,,
06690,Poison,78.0,Royal Ghost,86.0,P.E.K.K.A,76.0,Zap,107.0,,,,9,,,
06705,Poison,78.0,Electro Wizard,24.0,P.E.K.K.A,76.0,Zap,107.0,,,,6,,,
06720,Poison,78.0,Electro Wizard,24.0,P.E.K.K.A,76.0,Zap,107.0,,,,6,,,
06735,Poison,78.0,Electro Wizard,24.0,P.E.K.K.A,76.0,Zap,107.0,,,,7,,,
06750,Poison,78.0,Electro Wizard,24.0,P.E.K.K.A,76.0,Zap,107.0,,,,7,,,
06765,Poison,78.0,Electro Wizard,24.0,P.E.K.K.A,76.0,Zap,107.0,,,,8,,,
06780,Poison,78.0,Electro Wizard,24.0,P.E.K.K.A,76.0,Zap,107.0,,,,8,,,
06795,Poison,78.0,Electro Wizard,24.0,P.E.K.K.A,76.0,Zap,107.0,,,,8,,,
06810,Poison,78.0,Electro Wizard,24.0,P.E.K.K.A,76.0,Zap,107.0,,,,9,,,
06825,Poison,78.0,Electro Wizard,24.0,P.E.K.K.A,76.0,Zap,107.0,,,,9,,,
06840,Poison,78.0,Electro Wizard,24.0,P.E.K.K.A,76.0,Zap,107.0,,,,9,,,
06855,Poison,78.0,Electro Wizard,24.0,Battle Ram,11.0,Zap,107.0,,,,3,,,
06870,Poison,78.0,Electro Wizard,24.0,Battle Ram,11.0,Zap,107.0,,,,3,,,
06885,Poison,78.0,Electro Wizard,24.0,Battle Ram,11.0,Zap,107.0,,,,3,,,
06900,Poison,78.0,Electro Wizard,24.0,Battle Ram,11.0,Zap,107.0,,,,4,,,
06915,Poison,78.0,Electro Wizard,24.0,Battle Ram,11.0,Zap,107.0,,,,4,,,
06930,Poison,78.0,Electro Wizard,24.0,Battle Ram,11.0,Zap,107.0,,,,4,,,
06945,Poison,78.0,Electro Wizard,24.0,Battle Ram,11.0,Zap,107.0,,,,5,,,
06960,Poison,78.0,Electro Wizard,24.0,Battle Ram,11.0,Zap,107.0,,,,5,,,
06975,Poison,78.0,Electro Wizard,24.0,Battle Ram,11.0,Zap,107.0,,,,6,,,
06990,Poison,78.0,Electro Wizard,24.0,Battle Ram,11.0,Zap,107.0,,,,6,,,
07005,Poison,78.0,Electro Wizard,24.0,Battle Ram,11.0,Zap,107.0,,,,6,,,
07020,Poison,78.0,Electro Wizard,24.0,Battle Ram,11.0,Zap,107.0,,,,7,,,
07035,Poison,78.0,Electro Wizard,24.0,Battle Ram,11.0,Zap,107.0,,,,7,,,
07050,Poison,78.0,Electro Wizard,24.0,Battle Ram,11.0,Zap,107.0,,,,7,,,
07065,Poison,78.0,Electro Wizard,24.0,Battle Ram,11.0,Zap,107.0,,,,8,,,
07080,Poison,78.0,Electro Wizard,24.0,Mortar,71.0,Zap,107.0,,,,8,,,
07095,Poison,78.0,Electro Wizard,24.0,Battle Ram,11.0,Zap,107.0,,,,8,,,
07110,Poison,78.0,Electro Wizard,24.0,Battle Ram,11.0,Zap,107.0,,,,9,,,
07125,Poison,78.0,Electro Wizard,24.0,Battle Ram,11.0,Zap,107.0,,,,9,,,
07140,Poison,78.0,Electro Wizard,24.0,Magic Archer,62.0,Zap,107.0,,,,5,,,
07155,Poison,78.0,Electro Wizard,24.0,Magic Archer,62.0,Zap,107.0,,,,6,,,
07170,Poison,78.0,Electro Wizard,24.0,Magic Archer,62.0,Zap,107.0,,,,6,,,
07185,Poison,78.0,Electro Wizard,24.0,Magic Archer,62.0,Zap,107.0,,,,7,,,
07200,Poison,78.0,Electro Wizard,24.0,Magic Archer,62.0,Zap,107.0,,,,7,,,
07215,Poison,78.0,Electro Wizard,24.0,Magic Archer,62.0,Zap,107.0,,,,7,,,
07230,Poison,78.0,Electro Wizard,24.0,Magic Archer,62.0,Zap,107.0,,,,8,,,
07245,Poison,78.0,Electro Wizard,24.0,Magic Archer,62.0,Zap,107.0,,,,8,,,
07260,Poison,78.0,Electro Wizard,24.0,Magic Archer,62.0,Zap,107.0,,,,8,,,
07275,Poison,78.0,Electro Wizard,24.0,Magic Archer,62.0,Zap,107.0,,,,9,,,
07290,Poison,78.0,Electro Wizard,24.0,Magic Archer,62.0,Zap,107.0,,,,9,,,
07305,Poison,78.0,Electro Wizard,24.0,Magic Archer,62.0,Zap,107.0,,,,9,,,
07320,Poison,78.0,Electro Wizard,24.0,Magic Archer,62.0,Zap,107.0,,,,10,,,
07335,Poison,78.0,Bandit,5.0,Magic Archer,62.0,Zap,107.0,,,,6,,,
07350,Poison,78.0,Bandit,5.0,Magic Archer,62.0,Zap,107.0,,,,6,,,
07365,Poison,78.0,Bandit,5.0,Magic Archer,62.0,Zap,107.0,,,,6,,,
07380,Poison,78.0,Bandit,5.0,Magic Archer,62.0,Zap,107.0,,,,7,,,
07395,Poison,78.0,Bandit,5.0,Magic Archer,62.0,Zap,107.0,,,,7,,,
07410,Poison,78.0,Bandit,5.0,Royal Ghost,86.0,Zap,107.0,,,,4,,,
07425,Poison,78.0,Bandit,5.0,Royal Ghost,86.0,Zap,107.0,,,,5,,,
07440,Poison,78.0,Bandit,5.0,Royal Ghost,86.0,Zap,107.0,,,,5,,,
07455,Poison,78.0,Bandit,5.0,Royal Ghost,86.0,Zap,107.0,,,,6,,,
07470,Tornado,101.0,P.E.K.K.A,76.0,Royal Ghost,86.0,Zap,107.0,,,,3,,,
07485,Poison,78.0,P.E.K.K.A,76.0,Royal Ghost,86.0,Zap,107.0,,,,4,,,
07500,Poison,78.0,P.E.K.K.A,76.0,Royal Ghost,86.0,Zap,107.0,,,,4,,,
07515,Poison,78.0,P.E.K.K.A,76.0,Royal Ghost,86.0,Zap,107.0,,,,5,,,
07530,Poison,78.0,P.E.K.K.A,76.0,Royal Ghost,86.0,Zap,107.0,,,,5,,,
07545,Poison,78.0,P.E.K.K.A,76.0,Royal Ghost,86.0,Zap,107.0,,,,6,,,
07560,Poison,78.0,P.E.K.K.A,76.0,Royal Ghost,86.0,Zap,107.0,,,,6,,,
07575,Poison,78.0,P.E.K.K.A,76.0,Royal Ghost,86.0,Zap,107.0,,,,7,,,
07590,Poison,78.0,P.E.K.K.A,76.0,Royal Ghost,86.0,Zap,107.0,,,,7,,,
07605,Poison,78.0,P.E.K.K.A,76.0,Royal Ghost,86.0,Zap,107.0,,,,7,,,
07620,Poison,78.0,P.E.K.K.A,76.0,Royal Ghost,86.0,Zap,107.0,,,,9,,,
07635,Poison,78.0,Battle Ram,11.0,Royal Ghost,86.0,Zap,107.0,,,,2,,,
07650,Poison,78.0,Battle Ram,11.0,Royal Ghost,86.0,Zap,107.0,,,,3,,,
07665,Poison,78.0,Battle Ram,11.0,Royal Ghost,86.0,Zap,107.0,,,,3,,,
07680,Poison,78.0,Battle Ram,11.0,Royal Ghost,86.0,Zap,107.0,,,,4,,,
07695,Poison,78.0,Battle Ram,11.0,Royal Ghost,86.0,Zap,107.0,,,,4,,,
07710,Poison,78.0,Battle Ram,11.0,Royal Ghost,86.0,Zap,107.0,,,,5,,,
07725,Furnace,35.0,Electro Wizard,24.0,Royal Ghost,86.0,Zap,107.0,,,,1,,,
07740,Furnace,35.0,Electro Wizard,24.0,Royal Ghost,86.0,Zap,107.0,,,,2,,,
07755,Furnace,35.0,Electro Wizard,24.0,Royal Ghost,86.0,Zap,107.0,,,,2,,,
07770,Furnace,35.0,Electro Wizard,24.0,Royal Ghost,86.0,Zap,107.0,,,,3,,,
07785,Furnace,35.0,Electro Wizard,24.0,Royal Ghost,86.0,Zap,107.0,,,,3,,,
07800,Poison,78.0,Electro Wizard,24.0,Royal Ghost,86.0,Zap,107.0,,,,4,,,
07815,Poison,78.0,Electro Wizard,24.0,Royal Ghost,86.0,Zap,107.0,,,,5,,,
07830,Magic Archer,62.0,Electro Wizard,24.0,Royal Ghost,86.0,Zap,107.0,,,,7,,,
07845,Magic Archer,62.0,Electro Wizard,24.0,Royal Ghost,86.0,Zap,107.0,,,,2,,,
07860,Magic Archer,62.0,Electro Wizard,24.0,Royal Ghost,86.0,Zap,107.0,,,,2,,,
07875,Magic Archer,62.0,Electro Wizard,24.0,Royal Ghost,86.0,Zap,107.0,,,,3,,,
07890,Magic Archer,62.0,Electro Wizard,24.0,Royal Ghost,86.0,Zap,107.0,,,,3,,,
07905,Magic Archer,62.0,Electro Wizard,24.0,Royal Ghost,86.0,Zap,107.0,,,,4,,,
07920,Magic Archer,62.0,Electro Wizard,24.0,Royal Ghost,86.0,Zap,107.0,,,,4,,,
07935,Magic Archer,62.0,Electro Wizard,24.0,Royal Ghost,86.0,Zap,107.0,,,,5,,,
07950,Magic Archer,62.0,Electro Wizard,24.0,Royal Ghost,86.0,Zap,107.0,,,,5,,,
07965,Magic Archer,62.0,Electro Wizard,24.0,Royal Ghost,86.0,Zap,107.0,,,,6,,,
07980,Magic Archer,62.0,Electro Wizard,24.0,Royal Ghost,86.0,Zap,107.0,,,,6,,,
07995,Magic Archer,62.0,Electro Wizard,24.0,Royal Ghost,86.0,Zap,107.0,,,,7,,,
08010,Magic Archer,62.0,Electro Wizard,24.0,Royal Ghost,86.0,Zap,107.0,,,,8,,,
08025,Magic Archer,62.0,Electro Wizard,24.0,Royal Ghost,86.0,Zap,107.0,,,,8,,,
08040,Magic Archer,62.0,Electro Wizard,24.0,Royal Ghost,86.0,Zap,107.0,,,,9,,,
08055,Magic Archer,62.0,Electro Wizard,24.0,Bandit,5.0,Zap,107.0,,,,6,,,
08070,Magic Archer,62.0,Electro Wizard,24.0,Bandit,5.0,Zap,107.0,,,,7,,,
08085,Magic Archer,62.0,Electro Wizard,24.0,Bandit,5.0,Zap,107.0,,,,7,,,
08100,Magic Archer,62.0,Electro Wizard,24.0,Bandit,5.0,Zap,107.0,,,,7,,,
08115,Magic Archer,62.0,Electro Wizard,24.0,Bandit,5.0,Zap,107.0,,,,8,,,
08130,Magic Archer,62.0,Electro Wizard,24.0,Bandit,5.0,Zap,107.0,,,,9,,,
08145,Magic Archer,62.0,Electro Wizard,24.0,Bandit,5.0,Zap,107.0,,,,9,,,
